ind,x,y
0,4.862646891643449,-1.3712174789299576
1,-7.568295371540432,-6.3546279011833064
2,-3.978252461281313,-10.5236292424781
3,6.141883129611887,-6.317656255479026
4,-4.384109300231661,-10.898949640267118
5,-6.135837724404237,-5.71728260402881
6,6.981347871489785,-1.1009248105397087
7,-2.954526368838047,-10.69987483937553
8,-7.047892819470025,-6.967052353117984
9,-8.417291264991793,-6.44449076914853
10,6.019605131165823,-2.704973326306413
11,-4.8116271162889515,-9.690449640296476
12,10.738305029645291,-1.7656636805846522
13,-9.9204502051255,-7.041113047969645
14,5.1287011455563585,0.02872338390855944
15,-9.008281711161434,-7.038173258422044
16,2.3683385198514584,0.11055848653397105
17,-3.53444812630562,-9.840401864043136
18,-6.504480309550191,-6.618207821359031
19,-8.813724282317779,-6.7472602833431665
20,-8.006731404923723,-6.3023757136823955
21,6.339550866934129,-3.0393883984705807
22,4.348794966550249,-0.7050973069124515
23,-7.1245605385899715,-6.620892951413953
24,5.69246608774482,-1.5960444201840729
25,-7.3399666438992535,-8.279011396177758
26,4.313755616030754,-2.637743823228928
27,-3.68400766573068,-11.309677194175901
28,-8.803783392547004,-7.156903283372737
29,3.859228649753869,-4.440175723574392
30,-8.703372333746513,-6.7530072866184865
31,-7.942936603173731,-8.322998103192486
32,-5.807885712266957,-9.132889381938499
33,-5.538676435750247,-10.445884250119397
34,-3.568183247440686,-10.671964119175732
35,-3.224509164221973,-9.044996012681725
36,0.3858623411326594,-5.497838374889086
37,-3.0725343754605157,-9.180030211492774
38,10.099022290261212,-3.985971210060286
39,-2.5036291939945463,-9.98360589502124
40,7.834181628858826,-3.7333667762350062
41,6.6326223505751685,3.319846625381092
42,-5.774988483855495,-7.16285783419978
43,9.036567201256613,0.8484542523542871
44,1.735675212518415,-0.705517016691013
45,-8.898214604650631,-8.749836299143775
46,3.5604721616102797,0.7872411731841145
47,5.011980405465174,-0.9315515827031358
48,-7.628377159373974,-7.8897097776140575
49,5.047091572849487,1.2994456575152067
50,3.5165664117305733,-0.913162421785208
51,-3.284949819156206,-9.920051657028038
52,-3.1189813530759785,-10.188040627525478
53,4.418492394769288,-0.0660685255798441
54,6.154935509990628,-1.532918665801741
55,-5.535575561048661,-10.749460359249161
56,8.689130722825196,0.3783435289004693
57,-7.098562510332803,-8.263178134037625
58,9.246573992532507,-2.3458573925590067
59,-6.7383269511045825,-5.221787678684344
60,8.793293817169584,-5.402762268665981
61,4.629451529891057,-5.545333561791781
62,-7.806746115241224,-7.3682159035324135
63,10.366185201670362,-2.0600259140467014
64,4.366577204920671,-3.5097991811320193
65,7.760890058996249,-3.2562619686430523
66,-8.277082956089503,-7.705384639905871
67,-8.77680636347221,-8.215302279782165
68,-4.484535038967389,-9.328673334000316
69,-3.7730121788750504,-9.665160702979717
70,-4.109758866101612,-7.703230007808586
71,-6.72263840529032,-5.5055365844695885
72,-1.5466746562976277,-13.347445349159301
73,-0.9262092585748007,-8.900068909469883
74,4.55367494596247,-4.07809454180889
75,-2.593012397429054,-11.302392908453813
76,7.2046541099074375,-1.060281240370637
77,-3.4263956995006426,-9.139312364727374
78,-3.444820431129799,-10.609314992389598
79,7.034996632191836,-1.1794486976050282
80,3.469800884709725,-6.983347870623021
81,0.9415419640550686,2.2695578110994408
82,-2.550636898169759,-10.196936347286698
83,4.566718479238205,4.504312401605828
84,-3.505435378982671,-11.154100405534347
85,-4.510981909952733,-9.589286548949072
86,-6.598538629941545,-5.15535349210516
87,-5.021302359748448,-13.04565898761991
88,7.435851873685837,-1.4428042084808657
89,3.882380389615659,-0.17392593401463818
90,-9.08022057866668,-6.3095078494471055
91,-3.3046258688539587,-9.918041263838273
92,-3.427074149656356,-8.81932011439011
93,-3.3384275711963896,-9.51283077747584
94,2.592680961350034,2.259058289457826
95,6.741012406141861,-1.1655647084008995
96,-7.894760224244577,-5.801523129472379
97,-8.272180574051433,-7.566338329951176
98,1.405982299225614,-2.691262033579697
99,7.223996101432625,-3.3320440713066493
100,-2.226386064322485,-12.419738565686869
101,-7.627867896615006,-6.709709505854001
102,3.7693700123713008,-0.5957537496100358
103,-4.600985730739027,-9.543421811498106
104,3.0628043146948056,-6.275939643182449
105,9.694316573093104,0.3833768759936347
106,-7.644283031771722,-7.743230250651682
107,6.584240426405625,1.239102681786505
108,-3.727049052509957,-10.534680430928665
109,3.727547141302346,-1.5285529264133522
110,-10.049506035048436,-5.766310561883761
111,-8.87843195028781,-7.171675820127124
112,-8.168218533285975,-7.914849051720548
113,4.504333508923237,-2.458215423959386
114,-3.5164354514267187,-12.416310114444933
115,-2.4798581095528647,-9.66514590576217
116,-10.63812351317901,-7.423902790877245
117,5.379312599188425,0.09437992548375895
118,6.164221162151009,-4.525835693069587
119,3.1016198199774783,0.21052662378557851
120,-1.963541842255351,-8.394228442048892
121,4.476560951552134,2.279126328640665
122,-8.55198140421813,-8.27699716513337
123,4.827676178185212,0.5944517995329344
124,-9.60991839865211,-6.970466776411535
125,-6.070638244120065,-9.746897767569058
126,-4.463851377129157,-11.395974106089145
127,-6.968924388071651,-6.962819769294902
128,13.158416157462485,-0.731606499334535
129,1.9093038257770942,-1.7684037716096261
130,4.998437844086533,0.04781388152581645
131,-2.4599976729284894,-9.799254223696714
132,-4.387033180005372,-9.645425998955194
133,2.7145304936126915,-4.153080115504728
134,6.996525821475226,-5.257364002954078
135,-7.356697305970955,-7.488831934897865
136,-3.085961327282902,-10.548242474303567
137,3.3462599202421184,0.39244407859733954
138,-3.7422350764113927,-8.61530461963552
139,4.989014917724493,2.3085220493774
140,-2.989824546823451,-10.276835964550298
141,3.9676700450091,1.4407925038441922
142,-7.8798943130992445,-6.4696929195331405
143,4.9760748169924485,0.9979174909492019
144,-7.440350805168023,-6.96069220778512
145,-4.933561858395433,-10.790244332565287
146,-1.9104324910736743,-9.59581433113263
147,2.970472799596177,0.4181631366695475
148,-7.939459300417623,-8.576763988410793
149,-3.0866123990015453,-10.189998242600728
150,6.986102784233898,-0.42876266975798627
151,-7.570707547975449,-8.265390487591539
152,-3.0122207468347035,-10.930878532504238
153,-6.456834250762447,-8.049831091143743
154,-9.3096036969182,-7.646505033922817
155,-3.465361768144959,-12.590466108812702
156,-5.259635552795076,-9.315958732348918
157,-6.735462720588092,-8.570899595183032
158,-6.571248289498486,-6.850100201525784
159,-6.240827962187701,-9.33891835342723
160,-5.48067931232139,-8.63530542991026
161,3.1360549771665536,-4.50487887530991
162,-3.6511169034590005,-9.821874016335013
163,-4.554190437588214,-11.570497982403573
164,-9.564194076235353,-7.228832396881997
165,-2.4769893335834805,-9.544316754095549
166,-5.892480452666106,-5.795014255783441
167,-8.610455785090622,-7.8938375011026
168,-3.496456403391339,-7.496765086424022
169,-2.9194330625531415,-10.139962603784117
170,-4.155743291455954,-9.64402508581877
171,-6.309038628901524,-8.841880787084595
172,-8.474371847787872,-6.876102979998789
173,-4.219711227015931,-8.82371945252971
174,-2.2117464084505603,-9.54822116930602
175,-9.131075089881254,-7.313201177451581
176,-3.5709174960266465,-11.15685875353209
177,-3.8833022866076083,-9.372737864999815
178,-8.888478564652353,-6.365446517056451
179,-7.893414556616328,-7.118470850580997
180,0.5735808635994575,-1.5617134564784902
181,-4.944133216479844,-7.390987884667352
182,7.844271931246126,-2.3015232506331045
183,1.792223672058289,-6.192789729679127
184,-3.1889181648093747,-9.77490207914244
185,6.98916359189845,3.235514634943872
186,-4.006341507171412,-11.050408737227036
187,-6.944785500442517,-6.628700667756874
188,-4.257693014875978,-10.72019725047941
189,-4.3213098042063285,-10.56801883169065
190,-8.3785494249858,-7.98765982036491
191,-6.898018863760726,-8.889205340776343
192,-9.83589923493256,-6.942045058740137
193,-4.720264347599356,-7.846576817694093
194,-6.390069821074473,-5.287148587199599
195,6.074710399075317,-3.4630303078966698
196,-4.906991729473893,-11.834217385779441
197,3.2011233673475004,3.2362476400165647
198,-3.3326217741992883,-11.48847311765333
199,-3.8277897593546606,-9.55531367205804
200,-9.117848443418389,-8.65150490404458
201,-9.194980909509608,-6.279819705508963
202,-3.852191678270856,-10.444190120865054
203,-7.487016959920172,-7.221917660981371
204,-7.792350238090899,-6.421220480320501
205,3.624808096976108,-2.022227837407529
206,-7.833126921737039,-6.363227751487334
207,-9.08354170273119,-5.672515664315712
208,-9.580551088752381,-6.90780590061784
209,-5.51569937858236,-11.335673508687703
210,2.3553062913201623,1.0430079418447158
211,7.4702342471398655,-2.303521432626588
212,0.9734656999737332,-0.097830894728407
213,-9.565686949758208,-6.313715104880512
214,5.3564665543131245,-4.806763141454368
215,-3.904310083529119,-10.124688427025035
216,1.2210995849106174,-3.3670058664844307
217,6.76080182188993,-0.407653891023932
218,-8.146444117143801,-5.484864587583262
219,4.997099206594036,3.4218674339157236
220,-7.820340848728435,-7.072469268400165
221,-1.717852839635039,-10.323186961797415
222,-6.975773710733739,-6.380062726815781
223,0.40088169979758703,-2.130540923428473
224,-8.140523332558477,-6.9065631598876775
225,-5.593949817409811,-8.193439034720747
226,-3.492117323673614,-12.995567760764697
227,-3.623049903224255,-10.193532795286803
228,8.45681032488834,-5.140070220895348
229,-5.048452667918661,-10.718253153520067
230,-6.996898961202397,-7.137502273684523
231,-5.181383189147422,-10.598564942365334
232,-8.68462364606027,-9.56377645836848
233,-5.260809865518855,-11.321572119180805
234,-8.546210437526863,-7.316247329284751
235,6.545637019752969,1.2400578447386525
236,-8.52096007944803,-6.536623684142452
237,0.960377179932324,2.9580611230166687
238,-2.820206872324058,-10.514636190923824
239,-8.011586431793233,-7.205253178529411
240,-4.307510938544618,-8.320984593441143
241,10.108827828014638,-1.7686958372408033
242,-8.391413124172425,-5.3556744863582875
243,-7.7189050287611405,-6.897876374739986
244,-3.378854389962869,-11.851544755582033
245,7.274854981217251,0.20368819656850556
246,-4.4977490970308045,-10.489972686779101
247,3.3595372960965038,0.18461892153382564
248,2.933446570745831,-2.349902096302321
249,-4.62274929265023,-9.654115180690054
250,-8.122706138800705,-6.676366702348753
251,-7.73926156913423,-7.727730029095272
252,2.483166423249494,1.8715968613814056
253,-6.706699462235501,-8.028636577568271
254,7.75359527719662,1.9658090797073693
255,1.0051137626624276,2.000063231143345
256,-8.642463493363287,-4.977668441236041
257,5.312370005061596,-2.2563722568002076
258,-9.496657576246145,-7.137703107079639
259,-8.463425004957498,-6.775022782164916
260,1.5453880634193577,0.5621094473403048
261,4.257382131367134,1.7811412232499295
262,-7.900038556506685,-7.756190722040299
263,6.0581023567718075,-5.349734312949405
264,-8.316963565597522,-7.381893636321741
265,-9.244179234047337,-7.020656846293368
266,1.5568982903801842,-4.626453277223132
267,-7.453639209743459,-6.132629056402392
268,1.6602167641480432,-7.494700781784637
269,3.713970639436753,-2.694521536413458
270,-4.939269128850558,-8.59077347862821
271,-8.01153906186575,-7.256065772982277
272,-4.742463915134602,-10.699245508390822
273,-8.145600656411183,-7.653528282156094
274,-7.943352271232003,-8.916267252623948
275,-4.328219085592928,-8.436242698378107
276,-2.796663030432854,-10.990933252380705
277,-3.5114851605227897,-7.419898611530801
278,2.6249606670796326,-3.5355859103464833
279,-3.2696469981576017,-9.816602003282672
280,-3.631115945261155,-10.417450498090657
281,-8.271857111410824,-6.4160874903389935
282,-6.007466385435748,-10.840856836570484
283,-8.33817746909526,-8.912069694539605
284,-7.049513286593843,-6.933235366417516
285,-4.26805319568869,-10.654078799299802
286,1.6511697539430834,1.4607075535137661
287,-2.6699473461226573,-9.881625278137017
288,5.142758416410521,5.510877981052015
289,9.4838536719264,-3.9010347872010325
290,2.5544036777060786,-1.9909009852004684
291,-6.545671843022365,-11.298464667914677
292,-3.8078426029189107,-11.064909600422519
293,6.430201989711173,-3.961489384943724
294,-2.703620986110633,-8.811499732990134
295,6.166359442389755,-2.286242606072854
296,-7.606229874978586,-8.064997903604421
297,-2.7224490899952354,-9.796792597915594
298,-9.795248432464655,-5.836376919392309
299,-3.8532819426801135,-8.88376424574302
300,-8.996345434716885,-8.689241146823626
301,5.53918122780592,-3.671546764815611
302,-4.171394781946742,-9.357671555940753
303,2.5692689494566903,0.7885711470236632
304,-4.089886424539704,-11.282058453568396
305,8.659511907841242,3.3118140081802574
306,-8.296223428001436,-6.686517730144414
307,-1.905354337584635,-8.848030281733829
308,5.347133030233458,-5.477236171686503
309,-3.44260145182996,-11.377379849422471
310,-9.20383746380212,-6.364782665927374
311,-3.875761715319599,-10.449015438756568
312,-8.624071414501367,-6.868036418923527
313,-3.0359460043270845,-10.436716488431523
314,-7.294624169244204,-8.910133116264282
315,3.8304787789500283,-0.46376474146420765
316,-8.704551249068727,-8.280107601788869
317,6.589930368842108,-2.3688707613874795
318,-8.94866703936603,-6.666810395776985
319,-7.2486085809114496,-7.938371292409234
320,-5.424632500850864,-10.501373947548508
321,2.220877400569057,-2.077615322301283
322,7.1529876730308795,-2.111072882899874
323,4.64600870261202,2.213420208936947
324,-3.2871445791402873,-10.171255687500423
325,-9.271547941503597,-6.009013581474688
326,-8.729834991244923,-6.483142894688187
327,7.7094904768486066,-2.2097604979085914
328,-4.713899011799228,-11.507732404392682
329,-6.462218086305782,-7.053564176532767
330,-3.6977176756893773,-12.396229236661103
331,0.7071276625038818,-2.020953621314042
332,-3.2230524872099693,-9.177684998157979
333,-8.662764891236117,-5.921067724546614
334,4.675677221177115,-7.345360748377917
335,0.16584757079146595,-9.90041265669559
336,-3.832636446147534,-11.886600613813581
337,-8.734903716795081,-6.743809311743704
338,-8.246589186575367,-8.40794086948193
339,-4.375378798711498,-9.267686051623238
340,-3.6973534240860193,-9.895372925038126
341,7.168335223008031,-7.279042838854425
342,5.47234338986185,-4.7961626480792034
343,-9.625014802457105,-7.421442787726757
344,-6.873170008121093,-8.153969330048238
345,-8.040790748803902,-6.1735583698259795
346,3.6250916922470218,-0.8626326984056643
347,-7.81609386224519,-7.904531879080313
348,-8.574329333400234,-6.582875993775392
349,5.9975562690577195,-2.463224144826567
350,-7.368290382328786,-5.181852647334877
351,-7.074118718298918,-10.665234065992623
352,-9.300738162298256,-6.869926568867824
353,-7.701158884643733,-6.7157482311664
354,-4.160755793637772,-8.609357507183224
355,-5.55697451234564,-7.863918049733533
356,-9.931922832409798,-4.586876740873901
357,-4.729247205820867,-10.963162406077233
358,-3.1953600261741553,-10.49700315664532
359,-8.369403786040687,-7.594557552482399
360,-7.616013616762795,-6.436540468051841
361,-7.821534040362597,-6.066211594758352
362,-6.474467705130013,-6.5023404001328355
363,-4.9098252260993975,-9.085410407225018
364,-4.1810691470956645,-10.134774415810753
365,-7.348083830319059,-6.738907295788445
366,-9.10197735663315,-4.757954909686566
367,1.7729146150790465,-2.176844528599827
368,-8.618286697325201,-5.434730250235731
369,-9.2286879211607,-6.298655992970318
370,5.633191482653645,1.7046932187584725
371,-7.536447541043401,-6.232063440136029
372,0.37145980803803624,-2.6032514917003815
373,-4.132078022336575,-10.222864122586573
374,-3.2555374074734575,-11.08111059465764
375,-7.152442178849582,-5.983396263147535
376,5.974455391137528,-2.7321025480055585
377,-4.762169316010981,-7.091805338927944
378,-6.748197894275611,-10.835997298112927
379,-2.915946503136131,-9.381674580917284
380,9.310297372951407,0.8958090065974282
381,3.777231062575499,1.547398008908234
382,-1.2825928998301155,4.912539280960681
383,-7.829178718716962,-5.954477953749799
384,-4.900317515542485,-9.065061949519636
385,-2.7291653739447823,-9.23092935922125
386,4.176451780725966,-4.863189635408185
387,-8.574940446658777,-8.36306540947478
388,-6.351611390026031,-6.529979130813656
389,-3.8089376337538083,-10.735281613553393
390,9.775753918461975,0.7669731748485269
391,-4.103555744867639,-9.587686185005637
392,-9.564521571462937,-6.124663278539247
393,-8.869290642124277,-5.896594096095458
394,5.937412659078929,-3.4395911686757765
395,-4.241432027466554,-9.42494962798284
396,-9.716265139482912,-6.1011814868050855
397,-4.98246893160669,-10.640667298069896
398,-8.654204978240077,-6.711766526587624
399,-5.611017931109449,-7.7211196787900445
400,2.2240615396837584,-2.3413174340295537
401,2.671208951248225,2.8540056940454956
402,-7.91211898757689,-5.8099953122320755
403,3.720227355182524,-1.7770946745770095
404,-8.644826731500599,-6.97659987299245
405,-2.5557431526044825,-10.305626333745616
406,8.384257919308606,-6.907776171136186
407,-7.572586929614363,-8.787877770560787
408,-3.32203442776253,-11.168178758098472
409,-7.158793102268138,-7.842057505602971
410,-2.475209922506554,-11.829976142401557
411,10.274726579954088,-5.016906101627703
412,2.7874451822356843,2.669070879540408
413,-9.027768625313538,-8.458439150630067
414,-3.6403884686602295,-8.55292020875355
415,-3.5225286947141146,-8.710878258975221
416,-7.464837320669212,-7.281694879149729
417,-3.8990334648983516,-10.042963536693614
418,-0.1705510798449117,-1.340891733842866
419,-0.4408271952667224,-1.7756464337466729
420,-5.707850061742656,-8.422983644619581
421,-3.7737235128359425,-9.873143286346696
422,3.693245574407071,3.0404986973399133
423,5.729357870884492,1.2325079907037355
424,-8.729180300777617,-6.740013631419454
425,-7.2568211622748775,-8.910878735802376
426,-4.258908225921927,-11.273227018499922
427,8.165094334543024,-3.9227537289384777
428,-2.1675786672355133,-10.700338599786356
429,-9.406347351771903,-4.924963745491439
430,-4.504846747170046,-9.933173618340605
431,-8.447005050957769,-7.097824072143019
432,8.098164468707335,1.3960975183551265
433,-5.665767301817157,-11.151349066726846
434,-6.087330297521209,-10.551931909582358
435,2.0498878780824548,4.753924296369927
436,-8.966699909520262,-7.010845227313264
437,-2.4099970492205793,-12.154251814478158
438,2.4224571393841057,2.5067782831622853
439,-9.14057898489369,-8.478822325698353
440,-7.423414493106646,-7.672597287000464
441,1.2458516477422164,2.015907641871173
442,-8.031249915683397,-6.722108772636891
443,4.428656819961713,-2.259378085612358
444,-9.21187508756401,-7.056293573206122
445,-6.298378726233745,-10.028811822042893
446,-0.032250235005174765,-1.6162146608951602
447,2.2977286601126554,1.6662903680205057
448,-8.711466645174161,-7.240665443416077
449,-2.863340919160105,-10.264375874466708
450,-7.611279928796989,-6.744346593193233
451,-3.2157534440127775,-10.969880540425553
452,-3.2240902491964576,-10.347071108606308
453,-3.4486364773410694,-11.845807389262875
454,-4.49545567727731,-8.461952297696332
455,3.5317060823406634,-4.0582023780237995
456,6.213842572561991,2.479714668870132
457,0.8844188392146304,-7.491325180943882
458,-7.177889491552219,-8.704720944936543
459,-5.542447607979586,-11.513769632932839
460,-7.103224666360832,-5.9336173128575025
461,-9.044146273186655,-9.12052547393848
462,-8.390926568293013,-9.74172356000523
463,-9.17752851700526,-7.562645832419482
464,-9.529879673989468,-5.994156591515729
465,-6.322445862528746,-10.231737555620004
466,1.272721723119787,-0.5605638623283449
467,6.121904505438131,-1.2192641157878512
468,6.261630654838735,-1.4260965222104018
469,5.839320414295833,-3.0856785313624657
470,-2.9299484374678455,-8.825548596978537
471,3.3497403293626054,-0.759048946081037
472,7.4479572697582785,-6.356774357916236
473,-7.531793461882267,-7.536335343361024
474,-8.004000722584465,-7.682157055131007
475,3.0939629203574186,-4.005294954008922
476,-5.596485033619194,-10.1613595153609
477,-4.682305469682519,-10.082189000342714
478,1.3479303206260127,-4.14959286265154
479,-7.494295216630713,-5.809021040237158
480,4.106024168992662,-0.33546657524277324
481,-6.477539885525397,-8.226015712239466
482,9.579665028698823,1.5837190731147572
483,-0.02319811271737926,1.3740612853762055
484,-0.28703369259042777,-2.3398404824572716
485,-9.268511714456462,-6.51672428414248
486,1.920605932273944,-6.3970287621319155
487,-7.7470955075264785,-4.277520735707077
488,3.2162292882752297,-3.7345421611244465
489,-4.639779612018918,-10.407684405211553
490,-5.624100212370822,-7.6288174577675445
491,-7.675891444933838,-4.975141266608249
492,-3.318294982246237,-9.966354128216363
493,-3.6515804139977623,-10.760728541953553
494,-6.969570321187449,-7.869318348323082
495,-1.7194704246302175,-11.939694021585073
496,-4.205164885595507,-10.756820674520585
497,4.537280439345903,-2.6911209326617462
498,6.582911882287768,-4.901691983285039
499,-4.717430576391953,-9.431149404571702
500,-4.578928264292033,-10.289340981685365
501,-6.7788034198892655,-6.752368591346152
502,-3.6996265845732625,-10.618809134770224
503,4.527604161911679,1.5473549606552686
504,2.2118969236521613,-2.9330382776613018
505,-5.31087399731273,-9.106902615146517
506,-8.519351364726187,-6.0133814662722065
507,2.881118466016959,0.9533495016482076
508,-7.567735358488126,-6.471889273311954
509,-3.9136718604878524,-10.383090079717055
510,10.967428809765934,1.4569138996297228
511,-7.239155090993867,-7.006688415132544
512,2.4092263142457817,-5.206514285477421
513,-3.975257589572061,-8.41978355863147
514,-3.102359941115543,-10.318028858432795
515,4.003744174952206,-0.39055027719869195
516,4.963096731742827,-2.9741607079645256
517,-5.857831131466672,-8.81615709888102
518,-6.959772576594303,-7.247797961762366
519,-10.229919386746719,-6.424417790406834
520,6.454144089436617,-0.9620762284123059
521,-3.884118036269972,-11.459127764564114
522,3.8801129628579036,-2.007515462365708
523,-9.33953095067,-6.9945242761231015
524,5.846046982304614,-10.820853047227434
525,-7.24114124647302,-6.388600673021864
526,-5.587093395541231,-10.190234753344335
527,-4.085464897345599,-8.696410227533645
528,0.05951522327702641,-3.5990329863005015
529,-4.896694071651406,-10.22694750933263
530,2.3217271652874443,-0.30619108974472375
531,-7.022622927260647,-7.857622799814581
532,-7.610114383177337,-5.474325453744304
533,-8.572313208294496,-6.701035246834846
534,-2.8546058847713245,-10.444270802704448
535,-4.803734540437198,-10.857685334815132
536,-4.179748154049347,-10.380849534151084
537,-2.9078506102960686,-8.171991649635704
538,4.635631309321938,-5.579162124480575
539,-2.697354885413845,-11.504433149300942
540,3.3407653283522767,-2.2188837198001723
541,-5.293547256046705,-9.41064947114531
542,2.5691634839901285,-6.3303845795436136
543,2.5854946742430234,-0.37098148588262614
544,-8.205427974478336,-6.897703068741988
545,-5.271126906431867,-6.743372654978915
546,-4.243345088967519,-10.553476977753908
547,-8.065108400162059,-7.298323232488945
548,4.050176352533894,0.6726977097980686
549,1.061876711745351,-0.11331850059879645
550,-8.557996699849944,-6.600560066423861
551,-3.5638843282483164,-7.461123992709769
552,-5.398270166966848,-9.831057854209696
553,-2.8638420430678138,-11.314724266829073
554,4.8434453207026245,-2.2676416290709067
555,-7.367045630392347,-6.776710421435766
556,-8.333786081884414,-5.319813741264971
557,4.7439530960857486,-1.755011424044894
558,-3.7952097867421766,-10.498709890934098
559,3.2978025928308616,-8.092892046133871
560,-2.3669320059648102,-10.157271441885271
561,3.0645653835830293,-4.606042780034526
562,-1.4212776755862055,-7.771163582990905
563,-7.658465856030039,-6.9830319750604035
564,-7.116811094038242,-7.458024342217421
565,6.432851296455797,2.828094391704907
566,-4.6863025507813,-10.53544667096532
567,-2.8980234234782554,-2.5899102265026994
568,-0.1081839824953752,0.016849058606814626
569,-1.9360018969073165,-9.178881863976702
570,-8.2354809999085,-6.451163677118111
571,3.835826793588577,-1.1907683551382697
572,-8.050063450729775,-7.6491641901037255
573,-7.678924139268907,-8.079786515000011
574,-7.811839057548671,-6.818028912572067
575,-8.918908999083014,-5.474037839930137
576,-7.262015281010841,-7.223590105304933
577,2.6125842413424465,-2.951601787170367
578,-6.945911074123837,-7.367313644513007
579,-4.038488157244235,-9.844934940966596
580,-7.318871762368658,-6.769008531147342
581,7.766186879511578,1.8661750721756425
582,-2.614761298449435,-9.627867543049422
583,6.790074587646409,-4.7252177398724475
584,1.9281975733012011,-0.8115327692032588
585,-6.921558760087302,-5.989766491820458
586,-6.684887633002423,-9.613598903863547
587,-6.585332807013402,-6.391228823439812
588,9.275037126705165,-2.4968530705783905
589,-9.4039061676853,-6.011406230538955
590,-10.092991914857393,-5.976771655243014
591,-7.783173318870213,-8.460011059935526
592,-5.443021659277652,-10.055869706904545
593,-3.2559266141903396,-10.193462511108521
594,1.4082103647686233,-0.9380432495064331
595,-3.506035968497258,-11.833230078902702
596,-7.809935698534056,-6.811493570464389
597,3.035526296062549,1.1169437381586373
598,-7.810153286009221,-5.021412203726577
599,4.133253664061622,-0.40077419329984076
600,-3.299075438181391,-11.241699544727265
601,-5.3853909757987175,-9.903282043844278
602,0.9144659553595549,-1.1499521399058046
603,-9.024265574151517,-7.042430219435299
604,-6.8367217019152955,-6.603866219914553
605,-7.920115468257357,-6.899797099877519
606,9.844073314195782,1.145883432824705
607,4.703316606940651,-2.725800377424944
608,-3.2723300691406614,-9.901223947185333
609,6.8904137966649,-2.578171943833635
610,-3.0982638711745927,-11.468939633010434
611,5.463972961951161,-7.489530122953578
612,7.409134139884064,-4.213926875541
613,-2.8524448276805163,-9.901040058930596
614,6.561362076106191,-0.5027530289155437
615,2.9743448821451786,-0.019369108199241314
616,-0.691510945323726,-8.340897801498564
617,6.70994425581575,3.9573498808774596
618,-5.029604051062546,-10.49915724499139
619,-8.390728487093863,-8.45094193853842
620,-8.554667623930085,-8.228510696010495
621,-7.222033393958579,-7.037227129966781
622,-6.4854498719651525,-6.285032779571322
623,-2.8647759062976634,-8.899261134084131
624,6.099638435326103,3.844592974000541
625,0.2170008623787485,4.897166313650965
626,-3.821609012028383,-11.544668551023006
627,-1.4155530242515182,1.9942627964555224
628,-7.604205396889677,-6.49612738763886
629,2.4955029291351014,-1.5071366416204326
630,-3.310543840119422,-9.72748518249352
631,-4.660244728903183,-10.777224761444021
632,-3.622978611907764,-9.889256207919017
633,-7.472720049770268,-7.772099941323669
634,-7.808907312277391,-7.441471211742549
635,-3.6107588239690167,-10.35669642868612
636,-3.595989701210041,-8.084747648092971
637,1.8279420463472027,0.8789220368065807
638,-5.400388841554333,-10.999110506200072
639,4.974369461519134,-2.4365084661501166
640,-3.596999706054433,-10.5537180650567
641,-9.564060034709012,-8.21725705328799
642,-2.8777625711205603,-9.191278222074736
643,-7.900596751880857,-8.582123917890613
644,-8.47081743245417,-6.53259400393622
645,-3.649371860495853,-12.181051114298462
646,-5.589280415817369,-11.975496005982224
647,-3.6734128748959542,-9.94067095705498
648,-7.107660725953375,-6.841435722447993
649,-8.462300977333587,-6.171201696741901
650,-3.5219952685816596,-10.782301931629018
651,3.59067346978951,-4.75195398922487
652,7.620247152380834,1.2952951092091132
653,-6.4385730113507185,-6.4884802927898955
654,-3.9582722244215254,-8.436270233509603
655,-5.785061786611481,-8.453160183809361
656,2.363935146791209,-2.0260219512835693
657,-6.285067842126711,-8.55275947214253
658,-3.8149041714196854,-13.674682130979221
659,3.2831749123134997,0.7255183773260145
660,-7.099444798162749,-7.583335326750907
661,-8.335232698259482,-6.9045353940338146
662,-1.6601137786288476,-0.7126550642237038
663,-5.761839256212984,-11.284511035884105
664,5.444663107697183,1.8062253603059322
665,-9.031079647152895,-5.950929441776932
666,-9.76256547234476,-7.679988194045181
667,-7.163271035728534,-8.244707072145438
668,7.03400665179106,-5.370120035572712
669,-7.6243605839182145,-8.13168307051074
670,-3.826919677053023,-9.890771467581603
671,-8.015320415477282,-7.508454064578411
672,-9.64650241561904,-7.008538455845316
673,-2.891035669098178,-2.1192683912497947
674,-8.25884682085364,-7.413635727683297
675,8.816970900320381,-2.3268019915382454
676,-6.24819251679887,-7.734522788909517
677,-3.055792552157806,-7.396188019592914
678,-8.130626975750246,-8.86952906909178
679,5.1938922052329675,-0.8053155734013457
680,-2.833444591460008,-8.949303436452695
681,1.4668191138577598,-3.027912571394576
682,1.106816066901069,1.7417484210577925
683,-3.249086852935357,-7.5801338548536386
684,-9.191762286474068,-7.935331730398084
685,-6.149956347150328,-6.669129057646567
686,7.728016221690348,-1.116443672874907
687,-6.445241923705242,-7.0576216996718895
688,-7.766853197567472,-5.704505388502873
689,-9.288286306253088,-5.735969863791401
690,-5.104187687740063,-10.358450657013993
691,-8.94989052095795,-8.709500993218597
692,-6.8733715079407345,-7.90399808191629
693,-5.398721471253083,-9.350607916380547
694,-6.232704266908945,-11.400466117412181
695,-2.9200930564759178,-10.701704259381087
696,-0.47582515300561035,0.31758948235211104
697,-2.637130769935835,-10.186034584032491
698,-4.525666224536428,-9.369664970957738
699,9.418677533975934,2.8296560281321224
700,-1.9839851245141835,-8.580346029542712
701,-8.864043391374283,-7.003203047175411
702,-5.6635359540780605,-7.801825017996514
703,4.074304626719866,-4.1440026735133415
704,5.780331097772387,0.059328271921749165
705,6.558775734954334,-5.809697963407011
706,6.2888011171024925,-0.3089066798349831
707,-3.818981322367371,-8.78680418844652
708,-4.700393491694035,-10.312673746135031
709,-5.151628245110251,-8.47056450609971
710,-9.376578676216777,-5.936503641421278
711,1.8031282002243847,-4.291404462703085
712,-10.203221333131063,-6.125709511767412
713,-2.6510469629192723,-10.536927520715974
714,-4.343039264212366,-9.861694597445153
715,0.9873896047448105,-4.652422431462678
716,-3.12956937920523,-8.16261506757138
717,-5.212212586855563,-10.442284728893512
718,-2.9512785089298266,-10.76916081755666
719,11.515680436037872,3.0165048576186244
720,-4.974863186175838,-11.839352575907643
721,-4.453219419211886,-11.649972152860148
722,-8.825970634928208,-7.134946299653803
723,-1.572055048701059,-10.86810026779156
724,5.255476470276166,-5.470942235104959
725,-2.1933988590359474,-8.910198807550776
726,-3.4783518859998273,-9.036143373504183
727,2.490298646480494,-2.785414756218862
728,-9.483257674529522,-6.877634119861638
729,-8.441106231908329,-7.4653895478815935
730,-3.3252802056398156,-13.096394260835895
731,-4.691938514674111,-12.602565774545585
732,-3.6052989101365993,-11.28474286604225
733,-6.952019361440011,-8.032666036063981
734,-5.348494268626433,-9.262522319606502
735,-8.162413156875346,-6.011716025812839
736,-9.744444486835844,-7.794847389048474
737,-2.0938179235096896,-11.678425839655482
738,-7.94540283731105,-7.141989140525145
739,-7.8191845355579055,-7.340484447293447
740,4.9380530296710425,-1.6099772040316727
741,-7.5397717952682175,-8.137547288577895
742,4.553731060268053,-0.38179937644007156
743,3.983757611672687,-2.4241187476801866
744,8.026313562949866,3.066843819768623
745,-9.459061058055896,-7.9033324742902415
746,-4.273137220450514,-8.072523771913492
747,8.05963863646922,-4.560597018973149
748,4.494742725755459,-1.3354674540114835
749,-3.666793518335664,-9.410292561882956
750,-4.917035746747378,-11.362477797182036
751,-1.9962610424667553,-9.13906836158504
752,-7.049480081162487,-6.2688643681839045
753,-3.815607973682445,-9.662430882187103
754,-6.882179870562695,-7.905214242892457
755,-2.810729995274709,-11.87562702522025
756,-8.925118582887901,-8.86760423408227
757,-8.364316747053422,-5.947636264956679
758,9.710369713776242,-5.939226167510116
759,-3.598820949772837,-8.631905180515808
760,5.911665196878658,-2.1983967899025934
761,3.722067796741793,-0.4781967122005635
762,-8.250513949925653,-5.570113001129101
763,0.33009934553737263,0.9144744503247235
764,-0.12487925641954511,-2.1924564938991726
765,4.323901710039228,1.8247600390746612
766,3.1264880167278033,-0.7059862686417515
767,-8.243186537145307,-6.7573929810074835
768,-4.731711468485097,-10.718317710002239
769,-3.130848810140507,-11.368348064746979
770,-4.972771079060977,-11.868025535033626
771,0.8468347660081355,-4.995014178275083
772,-7.350701423861943,-6.477539137878497
773,11.754595816027354,-5.318793096885617
774,-2.381157469693451,-11.011947018530192
775,4.405364842568093,2.950049078114777
776,-9.010442833776317,-5.250907588940594
777,-9.014944021544238,-8.431671884862237
778,-5.3402076923022666,-8.754221172740262
779,-4.656361044211542,-9.21894417642904
780,-7.030358358828669,-6.615284491743782
781,-2.5635243240745824,-9.240942496622509
782,-3.724883862633641,-12.604259756211118
783,-3.943317552054225,-9.95683346858848
784,2.831179687026344,-3.562774036851058
785,-3.2974656241707514,-7.90890242681048
786,2.7602073813860057,5.031262537456517
787,7.798665932430554,-5.887187735365093
788,0.37846250071085397,-2.6390584001830724
789,-8.99923565942919,-7.021561736850356
790,-3.7762256241790357,-7.95623054524141
791,-4.837001109295988,-11.307141171758138
792,-3.6300716039973713,-10.020891711678198
793,-2.2891578346339516,-9.220862364631413
794,6.4063219250614925,-1.6871645386787186
795,-5.98536699704973,-9.077176787919315
796,-3.833514809734948,-12.6166229830641
797,7.782460364835923,-0.31441795360345726
798,8.965940318109759,1.7353282564057615
799,-3.9579444790429776,-9.774244009031245
800,4.809609216962425,-3.132935319320974
801,-4.051232570945245,-8.849685116094626
802,-9.152690389849681,-7.46647662896713
803,4.2360164261856195,-2.219296886482918
804,-6.197474506100139,-6.209295364480549
805,5.492031816361866,-7.023298579547667
806,4.6517933252600105,-5.8559983619479485
807,-3.978619810663807,-8.727958022473414
808,-1.628790650614032,-10.832945709208488
809,-4.008188455229658,-9.326993220795842
810,-8.054820661777185,-6.385206456412494
811,-3.4149081192354105,-12.447097518857746
812,2.1946209855633656,0.16008529529136495
813,-2.860049626162385,-12.129120634223437
814,-8.692426996318273,-6.510867009781991
815,7.137760677852413,-0.35456493315999627
816,-7.779284731824102,-6.5891218041214055
817,-4.848817677859151,-8.685744544032305
818,7.118487390853742,2.611283382098442
819,-8.842447072938713,-5.998739623761536
820,4.147209247317737,-1.1086591831741577
821,4.246038790637693,-1.1340567182943135
822,8.242074117368327,-2.894477395513967
823,-7.940319317835504,-6.046659024919199
824,-0.004221398220778383,0.1380798004292556
825,-3.7286021143956165,-7.794669049005187
826,-5.984111605983667,-9.23750185871879
827,-3.1221218534017874,-10.5357002317202
828,-3.0268049344343657,-10.749641437169563
829,-7.201454890900514,-6.441901057525286
830,-8.2291681658467,-6.791143256417735
831,-6.853598921750095,-5.07336693369184
832,3.607509215887001,-2.508150560853053
833,6.25809919796542,-1.2990830485036322
834,7.110950543789294,-3.6003099707132433
835,2.9827202676049374,-2.947717825587559
836,-5.414916602996724,-10.943644256999853
837,3.0004684200094873,-1.5939713960688622
838,-1.6510051156818757,-9.612798126866384
839,-0.07609142698089144,-0.17653495300138333
840,-8.823063455601496,-8.746581359426592
841,-4.842504558490835,-10.541438445306621
842,-4.179088747480365,-9.774423083117076
843,4.700826607509136,-0.3242697749148036
844,-3.6564039046271426,-11.179626710366623
845,-9.076047291792097,-9.936932433945005
846,-1.7155701358676168,-10.122793214146103
847,2.727445603087491,1.292476804872202
848,2.64540285337875,-0.8739334691274988
849,-4.0524628341172155,-9.097262729862106
850,-8.094485674012963,-7.16106987689675
851,4.743595335219818,-1.7700128754996018
852,-9.163638053324346,-4.812329122896876
853,-9.746887426046134,-7.032957357631502
854,6.126286214418281,1.4605554576549205
855,-5.220755111050175,-10.730268395784002
856,-8.64461911085096,-4.920896270307821
857,1.0404336826024965,-1.6073316810485057
858,-2.586484592762705,-10.328289803210772
859,-7.72935675253104,-6.496951587084686
860,6.078808227417262,-4.086101495364906
861,-7.444022903904621,-4.798548862890236
862,-8.245565377724207,-6.373246168949289
863,-8.500187471941555,-7.365535621087131
864,1.7436029765886527,-2.2350665630333646
865,-4.657365075000151,-10.894744025948622
866,3.4343928817831415,-0.13560689610238175
867,6.889864153719857,0.8301232263448153
868,-8.712000842867022,-7.431819875161255
869,-4.388523649884114,-10.906653743736893
870,-8.078709862093934,-7.715226513928087
871,-8.007840129173696,-7.88978670315611
872,3.883948835919189,-2.1641564251826675
873,3.6605855356967814,5.9254172144706745
874,-7.726105299239313,-7.785829635855412
875,6.187225438554362,-0.44908498057611945
876,-8.397212616284671,-5.523452678203916
877,3.2543268048379144,-2.626811517989042
878,-7.947539063906233,-7.6527802861591345
879,-8.244329093285337,-9.480769925610575
880,9.782964495769862,0.3235009568475591
881,-8.110911325383,-7.749621889331349
882,1.4184572015779624,-0.4659186313029662
883,1.5991815660659552,-2.028230582504464
884,-8.921137173838726,-6.50071028156487
885,7.984548072107242,-3.777081428155371
886,-5.382130027636256,-9.300226577588012
887,-9.032974308892303,-7.627786243948878
888,-8.205452092781023,-7.005160008221462
889,-4.861553235990634,-10.933638252443792
890,-2.939926419870946,-9.302807844753058
891,-4.3347272269409425,-9.736018306309699
892,-9.4092539230566,-7.728739576758847
893,-8.292539213075537,-7.700025370373636
894,0.5349501370823022,-10.578845528340613
895,-6.26194076302844,-5.248104264190518
896,-8.456773376596205,-6.667016167056577
897,2.16796873687112,0.4950892417370407
898,-2.5907677848079773,-8.09611805614818
899,-4.699763132570318,-10.332130120844463
900,-3.573290557516796,-8.429515800732164
901,-9.488031397963578,-6.884277013707947
902,2.605813877711217,8.303676362562573
903,-6.523075969577935,-8.84567010278906
904,8.314096478301702,-5.705649246340246
905,7.248993370880189,-7.889965971719182
906,-8.794242475958693,-8.86798658252195
907,-2.717345561083152,-11.028958083954553
908,-3.9344494525793383,-10.244525772162868
909,-8.810311464713077,-8.781576754817772
910,5.322290989575194,1.710676580117286
911,-2.6658312297670523,-9.834387146990533
912,-5.455697466251997,-11.152907580909094
913,-8.643872122546068,-8.466156098485673
914,-4.332835740521869,-10.74316131020239
915,-8.279131155575095,-7.859725230331545
916,-9.178422448388135,-8.606661889115582
917,-1.4182020041956012,-10.183772289215097
918,8.606021696286119,-2.4220995087706245
919,-7.402705625940131,-7.838102691847271
920,-2.0890702814886764,-9.454456156969465
921,-2.796624238912502,-10.94914898529267
922,1.3620787962671486,-2.7981124525501584
923,-7.652908585137374,-6.804193702747526
924,3.9610204596649803,-0.542189351414192
925,-5.633912519912485,-10.02454375008052
926,-4.993694809481781,-11.658126825534604
927,-3.2299129446183916,-11.5846440692638
928,1.8708729443470027,-3.7210780063073177
929,-4.57103045384519,-8.620584494124975
930,8.561463899789079,-3.0580244764263034
931,-5.067721677818428,-8.205845142868236
932,-7.695923337523216,-8.671618063186845
933,-7.899453297113042,-6.589704790888577
934,-3.075974103892929,-11.33248965190079
935,4.961959121294993,1.9371937337560015
936,5.797092834038158,-1.2095110697651084
937,-9.130628814646844,-7.149204716353728
938,-3.4408783027541894,-8.034374357061159
939,-1.496162742790935,-9.744232110261054
940,-2.8102911652454106,-11.748490854437474
941,-7.759154652883747,-7.363120833053866
942,-10.740138070672947,-6.450328489038655
943,-7.2915577145148065,-7.254525842579793
944,6.828857619858972,-2.562488367814535
945,-5.917117360497518,-8.389386211257936
946,-2.9208032100288914,-8.653278344162942
947,-4.238892647000639,-8.070520277774527
948,0.14904353740970144,-1.239230262034261
949,-8.25333694132209,-8.497087275048763
950,6.10978408781012,-4.730957854927116
951,-3.7506233459356784,-8.201318206459574
952,8.753458081317868,-1.837663613594017
953,6.0508786229077405,2.4993828867904373
954,-6.602746128936682,-7.703482857303594
955,1.1475871472104862,0.6789156922081152
956,-2.2113338573816836,-10.507692337771251
957,-4.7692811082949484,-10.677843283416285
958,-2.781792989665684,-9.799459799817997
959,-4.6478532673586725,-9.092476819864174
960,-3.166130329660963,-9.094988672824202
961,-6.148851500842455,-5.399112089382004
962,6.692523409779236,-0.9692756998553693
963,-8.181273523546366,-5.987362201457145
964,-8.457971710435507,-7.563310084743218
965,-4.258521406228955,-10.920972852968093
966,-9.044485743535905,-7.300467835604473
967,7.166543668586451,1.3708216260556538
968,-5.552114899582919,-10.44533673443117
969,-8.187779256245298,-8.220968116863238
970,-3.9796846639607315,-9.54742996233001
971,3.3584617016045293,-5.08711450001494
972,3.312875719723249,-3.9629711440222
973,-7.662100817235083,-6.233886911040143
974,2.6070762756306194,0.2058506069681978
975,6.3574595116002,-1.5086086475071134
976,-5.850990153592289,-9.58764223806494
977,8.10324908132847,-5.982187978824039
978,3.092326346380291,-0.7871960665424029
979,-2.6604966662115466,-9.289119864212735
980,-4.586251895723605,-8.349713557501769
981,-9.21350192344935,-7.83304066003187
982,-3.0419562357690917,-11.321275962362348
983,-9.114148472494746,-8.327229067354851
984,-2.040925875937181,-9.923871737417551
985,5.019622053606651,-2.9996575163798793
986,-4.042745445811029,-7.136426337491649
987,-9.482935926404126,-8.058863304578749
988,-5.679842875071776,-11.239758307978008
989,-2.618530164259235,-11.38466248497225
990,-4.026329516805821,-10.41085948278946
991,8.093356625795254,-2.48709809363195
992,-9.750442348881801,-6.403767720185063
993,2.2749878448422964,-1.6947625490781926
994,-7.847287320458157,-6.527992020548574
995,4.914637168019166,-4.9442954431716455
996,-4.772765960705292,-11.862251635649683
997,-9.906635017667798,-7.251134627268948
998,5.922635577101914,-2.737232193080736
999,-5.433756330340965,-10.368955037731475
1000,-7.347305957187613,-6.080388166486001
1001,3.8042156620531693,-2.3265443337795975
1002,-6.5541773422121805,-8.745003197422257
1003,1.794085211018979,3.02769868253037
1004,-3.9654562693910385,-8.401105165419274
1005,6.641143478165118,0.17713766343563941
1006,0.4893091011699493,3.772044836427849
1007,-8.341243350044055,-5.275696758203155
1008,7.505441205692415,-2.0891471409702325
1009,-8.545784597424316,-7.267259958795387
1010,-3.944276073318427,-7.880613008806819
1011,-5.54513612469535,-10.2999351403532
1012,4.100693751052361,0.7346314799483098
1013,2.5181650566818217,0.6805215000673686
1014,7.932025931515227,0.10029564985401374
1015,8.077656504723489,-4.031959767274023
1016,-2.351178954100847,-10.00100937852667
1017,2.857446142905095,-6.043770720114838
1018,3.089496877844329,2.2210889560414055
1019,-4.369760486297107,-11.630888232338568
1020,-4.337255651916826,-12.611582620443723
1021,8.78081458467172,-2.814056652446891
1022,-6.639405697546319,-7.491189753971101
1023,-10.348120751660321,-7.8814436488346225
1024,4.347922193882342,-1.3255481067996095
1025,-3.568366021192159,-11.047999768227001
1026,4.940326542727994,-1.1373965074633339
1027,-8.54220168640073,-8.526001672105558
1028,-9.18367408541423,-8.718552073058195
1029,11.92443072479918,-5.247144436921965
1030,-7.640760283474945,-7.017002076773543
1031,-8.303887718762423,-7.687538762113386
1032,-6.720471678001902,-6.078686255384444
1033,-3.078016858826021,-9.495678203692783
1034,-2.844725993756607,-9.724320205820366
1035,-9.019573356395542,-6.925226615423248
1036,6.583057543603838,-0.4762758159121818
1037,-7.401307223236822,-7.212769152589871
1038,8.768242613669614,-1.5547291378572994
1039,9.522940422109489,-3.038712949062724
1040,-2.037222269737222,-7.550105784805152
1041,4.81959349883532,-0.07116393289039191
1042,-3.9498586027734985,-10.142565063784318
1043,-4.992791764204335,-9.56141904046457
1044,-8.368879370833135,-6.312120718350889
1045,-6.771728689039248,-7.457051158971955
1046,-7.668573386950035,-8.209237923655948
1047,-7.313496629177882,-5.577261215311428
1048,-4.855721468416334,-8.486752268133388
1049,3.0141451518985445,6.03679843620182
1050,-3.468879654870066,-9.087801185074062
1051,-8.884686263943584,-7.192635205895262
1052,8.286167516439946,-0.15000546564254136
1053,-8.491753829765628,-6.738069121680211
1054,-2.414778351256021,-9.223529319898807
1055,-5.778244007322689,-10.093400795900852
1056,-3.1424217140540858,-1.2346382929511042
1057,1.055157791525824,-7.355996083906404
1058,2.6401510473376,2.5226832215527706
1059,-7.712914995506819,-3.929834843569832
1060,-9.191398414257351,-7.923331064767239
1061,-8.083599568378501,-7.552024430388263
1062,-2.6634688491090808,-9.648507052808633
1063,6.183908273115221,2.7231172354407143
1064,-2.6981304023435735,-11.196643919110617
1065,3.750289491940034,-1.797159964157822
1066,7.794941592578921,-1.2940960929742087
1067,-4.870556098886722,-9.413420079484561
1068,-8.156420675452825,-6.450046411258862
1069,-6.13102105244392,-13.138460616918623
1070,-4.867850313657363,-11.828954729232224
1071,-8.285864674995517,-6.766769901288142
1072,1.4154093858923726,-3.210843279709203
1073,-8.224238968541453,-6.6573661770488695
1074,-9.207603140534765,-3.826538986905362
1075,-7.159030360452153,-7.691517155135105
1076,-2.591178884419358,-11.093084619754014
1077,-2.952208701061096,-11.66517278981772
1078,-3.216606670467418,-11.281732788608034
1079,-8.955175187825706,-8.841205523424932
1080,-4.629516040051389,-9.637650992913896
1081,-5.543938066197188,-8.030958579868349
1082,-9.01675470114209,-6.484704538945142
1083,-4.196838752863627,-10.533664484195222
1084,-5.279867371236479,-9.418594961824112
1085,-2.1256324906496236,-11.390244336296426
1086,-2.30476966449425,-0.07292066919299733
1087,-8.806890545552903,-7.944927655660783
1088,9.68773541956913,-1.2744289354806866
1089,-2.1899632979955292,-9.53220716577272
1090,-9.240830889977982,-7.857148490069429
1091,-8.216959159338558,-8.610683030807971
1092,3.9228949102194495,-4.337499926487172
1093,-1.876253579825275,-0.7287430425972177
1094,-5.572358795719737,-9.274137682576656
1095,4.097828216122549,0.8630247684747916
1096,-4.2292957745382695,-9.477680081127714
1097,-8.842442189803515,-7.138235607835343
1098,9.702495170400375,-0.3090933676469827
1099,-4.908626846757599,-9.572119919977997
1100,3.4470850721471478,0.3806496136857942
1101,-1.2313711055073435,-0.21303266064813986
1102,-2.8311186972118425,-11.070676865449174
1103,-8.883440927292924,-7.291557542736489
1104,1.0867706666675057,0.37386280741091493
1105,-8.088386856980918,-7.647375749324247
1106,-4.481782864899147,-10.551528068282662
1107,-7.69647637164242,-8.513363882499545
1108,-3.086268810781972,-11.931938072742449
1109,-4.539873576161251,-10.106125744786707
1110,-3.581225432005164,-8.950617715975032
1111,3.3307234758472477,-0.3787869194714668
1112,-5.281483191220949,-8.922606726247958
1113,-3.7878867058714114,-8.968655439344628
1114,-8.695765471529885,-7.105409586788247
1115,2.1228691661578534,3.5748753867009206
1116,-2.017074686052461,-7.467214387654749
1117,-6.166688906896898,-7.519810026279911
1118,16.282297980957054,-6.571908684973545
1119,-3.3486610843355615,-11.842147143980576
1120,-0.02420707471328143,-2.8669627796573685
1121,-6.560559771427694,-6.69277163889669
1122,-9.4174390786137,-5.687844727002028
1123,0.8910497311797947,-2.8436289489351925
1124,0.7664754913570477,-9.75464513094666
1125,-2.2703467158204362,-10.295679503477409
1126,3.342093582811139,-0.49635591771966925
1127,-6.069878206264753,-8.877356949802438
1128,-5.234591358836431,-11.115730378244665
1129,0.23140824068106092,4.099816953335744
1130,-8.79686227152607,-6.147135071783733
1131,5.583494602216084,1.3643395268532155
1132,-7.3520346516681325,-8.561708928048212
1133,3.1272040159425947,-9.651937723734937
1134,-5.479596841460754,-8.555241282445195
1135,-7.55332606284894,-8.386395562009238
1136,-7.737201941148305,-6.991465857765259
1137,-7.7032022455767795,-6.224021124625174
1138,-7.477987701501721,-5.948583040953087
1139,-10.00372723740506,-7.226386298206707
1140,6.213285251458775,-8.202643807194368
1141,3.809976280176471,-3.296882409896223
1142,4.049327305518732,-2.068894137636619
1143,-2.969324660731089,-9.85341232784589
1144,-8.737896492477342,-6.466936542982971
1145,10.271124093870265,-3.3464761990057887
1146,-8.388639062660761,-5.265670372715244
1147,2.081279007622857,3.579745361735398
1148,-4.89934486959019,-9.198219944509786
1149,-5.160175732081505,-9.962653554133293
1150,-9.151650759466381,-8.106075744493394
1151,-3.4340003078017585,-8.0193996111918
1152,4.187151757601328,-0.8175646745806024
1153,0.8785418545192156,-0.27606760601746716
1154,2.3440276896626386,-0.35160131705929
1155,-5.674405007750134,-10.361733841385583
1156,-7.814928289802453,-7.0868949878604655
1157,0.22064079364718037,-0.18787677451960283
1158,3.231041149419016,-2.5265519349779675
1159,-3.0628806517039724,-11.684021695665102
1160,-2.4237463747503543,-7.5218899771118926
1161,-3.6720244810017526,-12.192776064152977
1162,-3.153691280012232,-8.093213477326424
1163,2.588545907227368,4.111886371964255
1164,6.500585971059818,-3.5195624377929073
1165,-8.501383920250158,-6.415137493032289
1166,-6.231489936707205,-7.488563954099041
1167,-4.574336334317574,-7.823099993739081
1168,4.922361265345934,-4.59287891054742
1169,-1.369468384247662,-11.05338826558777
1170,-9.475990524389829,-6.581217450292804
1171,-8.119690237309154,-7.811699424313685
1172,-3.770499498580519,-9.779623267857666
1173,4.980581614259922,-0.4269410919513066
1174,-4.0615517278705235,-8.368632730097543
1175,-9.189416671015946,-6.471758617281728
1176,-4.4586648094421815,-9.471822832032062
1177,-2.8237578459037582,-9.538080259944454
1178,3.026699555539418,-5.202869424263989
1179,-7.92746090149816,-6.5638659009396045
1180,6.2320339642977105,1.4754233230731728
1181,5.370467369230925,-1.3583847387498769
1182,-2.2405532830389996,-9.360607048309207
1183,-3.0211654061662534,-11.842754313111676
1184,-3.8971509177662753,-9.771448525316906
1185,-1.5545581306866745,-7.405165631421969
1186,7.560452172389415,-0.7301096301260545
1187,-10.404808543829276,-7.86540602394104
1188,5.66733647978434,0.1473979349383674
1189,-8.36725763777916,-5.969194665156499
1190,-8.253955713267345,-6.407619871354024
1191,-7.889261539994309,-8.024213861257056
1192,7.840660998362004,-4.961417437587283
1193,-2.4214888167462876,-9.35359468936834
1194,-3.6342323741213027,-10.168820853848676
1195,-3.6685593106073724,-7.971651964059095
1196,-4.198610324601972,-10.674058973474354
1197,-3.62970993119148,-12.162444854032184
1198,6.657724788438186,0.9470985650690844
1199,6.747899658118285,0.7834694814982566
1200,-7.3743022761216075,-7.292442477933566
1201,9.520272382960382,1.9339326192152337
1202,-10.22449245397807,-7.592844106427441
1203,-5.753560807556955,-8.316971040687474
1204,-5.515622343951931,-11.058639158615255
1205,-4.695478014259822,-9.61818936598463
1206,-8.43472742517473,-7.0990929837503485
1207,-3.4278467887462534,-8.569324623524285
1208,5.947006308808804,-1.2328057883695662
1209,-4.804072603731895,-10.033635555855401
1210,-7.737377487592463,-11.007595709224889
1211,-3.917334715957194,-8.207435670578793
1212,-10.322406541595443,-6.230236278478318
1213,-7.8631988463222715,-7.134724831479382
1214,-2.4732386562040896,-10.966979343687179
1215,0.7177671082038746,1.647150291807507
1216,-7.82911504224798,-5.941907427453118
1217,-7.856201505454527,-6.604053199247994
1218,-8.148014162612414,-7.007283389443732
1219,-7.15525086686684,-6.499707474560967
1220,-8.440803731128362,-6.396318787645593
1221,-3.1620459792803874,-11.182857358897976
1222,5.365460694676942,-4.355609485904457
1223,4.224598962005434,-1.668276256775144
1224,-5.473877307965847,-9.046783581376644
1225,4.101252251255726,-2.219269221670566
1226,7.754013192615667,-3.993136385830758
1227,10.005903994299537,-2.2565544573596927
1228,-1.0433755779230771,-6.584986219965944
1229,6.5094362334128935,0.6066161816240463
1230,-5.796251197913474,-9.197804600818795
1231,-3.4364153880490367,-10.036517998341195
1232,-1.0652696890324203,-0.48023217138656893
1233,4.63851007388884,-0.3890768437561809
1234,2.4426803632682272,-2.258242059937169
1235,7.199796112753834,0.857390335674995
1236,-7.844830842553359,-7.638942544633735
1237,-3.335510741936192,-9.391276373838036
1238,4.0159042442381345,-4.428793777201507
1239,-8.564184952121089,-7.517406992762697
1240,-4.866143145964676,-10.314679235119144
1241,-3.5611729724203385,-10.6963434294047
1242,-9.404727508164108,-7.627711228093323
1243,3.9070320041852833,-3.186476739417104
1244,-3.011462970498357,-11.014655549072756
1245,-4.532620782201863,-10.043891458394837
1246,-7.087637484062475,-6.080530460502386
1247,-9.538767219382011,-6.804338710011718
1248,0.19950243248375088,-7.515875767684217
1249,-3.2882454994726915,-9.991991105521526
1250,5.0649223501694705,-1.5097924417449502
1251,-8.841387411850002,-6.4989089782251455
1252,-8.48258807028085,-7.353302799760272
1253,4.734697958119446,3.016856715911058
1254,-3.2238126440562427,-12.433646586675447
1255,-3.466413763408945,-8.881474657004638
1256,2.364455445816504,-0.18255023813857307
1257,-1.691129497621601,-0.6602162545340227
1258,1.9159832767750378,-8.086960093180625
1259,-2.846816105594531,-7.779832462091619
1260,-0.8832595341305325,-0.8325676804983038
1261,-8.437863257379774,-6.486857239922566
1262,-6.542346627241363,-6.750362280559464
1263,3.5122113635350143,-0.12077044469449305
1264,-7.457145735142352,-7.267069824139306
1265,4.547028483418066,5.044605306929137
1266,-8.95174342156007,-8.264277983499055
1267,1.7647570693106487,-4.150075591893861
1268,-8.31234613763984,-7.680924643314656
1269,-8.610890772306137,-7.318501504490012
1270,-8.209569199011742,-7.367154019170421
1271,-4.281401113437948,-9.615362869269099
1272,-8.853170996526176,-7.463700213006777
1273,-5.033093539072248,-12.825950392978097
1274,6.081282524546074,-5.331198857674254
1275,-7.00639737540183,-6.496184754793056
1276,6.605559564000396,-4.777106872053229
1277,-5.412873774461771,-10.531706506912201
1278,3.7963065219494863,-3.7607554207122833
1279,4.484489851400136,-3.0923024699186823
1280,-2.688300104600284,-9.430360899231413
1281,3.11906303413788,-1.608065726826254
1282,-7.680092435615608,-7.926616955922934
1283,-4.201462148233248,-9.690417178710744
1284,-3.425067142106936,-10.70502810915443
1285,5.914712514842874,3.1912888906233814
1286,-1.2377427326550174,0.1667910707758069
1287,2.132287883174465,0.4205387710326338
1288,-6.127453005026171,-12.014521870978676
1289,-4.345587841821859,-10.088973663039138
1290,-2.7729821767043417,-9.072110152956853
1291,2.8074288905923637,-4.461303872828024
1292,-9.697715235776734,-7.648458329207822
1293,5.990500135058671,-1.3473997368212514
1294,-8.311753205511787,-7.943261256547913
1295,4.368496072086457,-3.6732982984589766
1296,-2.355509519068491,-9.038623458290477
1297,-4.02256665684841,-12.389476358531832
1298,-3.496541934197465,-10.399777372816983
1299,-3.0116015180908224,-10.158145150340316
1300,-2.2028206944436786,-8.019451195658373
1301,-6.7332893198650705,-9.159334930551807
1302,-5.8165955970893055,-10.547674949258807
1303,3.8265249474211496,-0.7228438389095199
1304,-7.637111220157399,-7.27468656064492
1305,-7.627817867916606,-7.349201392060457
1306,-9.251100813855365,-7.067974421615295
1307,-4.398586368836973,-10.453339250193398
1308,-7.456586579891599,-5.87037577096611
1309,-4.2311303438082,-9.215096940675068
1310,4.1976162504777745,-8.491453895929617
1311,-5.805612192667317,-9.142742229325723
1312,-5.317068268944439,-11.140213389631686
1313,-6.130652330416883,-6.248956675676306
1314,-6.645116532983792,-7.3749769611798675
1315,-0.7270131100303168,1.5214226215219027
1316,5.913972885548766,1.0452122558298669
1317,7.4306861680704515,-0.6478970910231439
1318,4.315599530526725,0.34407877814448584
1319,5.891965702444111,-4.8784527420834545
1320,1.6328662341150189,-4.771427414013473
1321,-8.933745139664506,-6.847015034516597
1322,-4.3673174918483255,-8.082268328482284
1323,-4.094045759918675,-10.685745378761656
1324,-6.56968081295077,-7.8093549887139915
1325,-4.9184809386310615,-7.937206023985514
1326,-1.5471799167072948,-11.941287336237888
1327,-2.823109137072654,-7.417287934541628
1328,1.7348231163540162,-6.61172370342082
1329,-6.046595396827875,-10.460898215887596
1330,-4.244740253132225,-8.811418802362782
1331,-6.870295649786767,-7.8675339028201385
1332,-8.361107942426619,-8.630657028571582
1333,6.878506724194384,-2.8621944813152993
1334,-0.12222818382896872,0.5705097245930673
1335,5.456991345327999,-3.097031202306759
1336,-5.8519443427451945,-5.184151429033626
1337,-2.952933971928174,-10.257098682932538
1338,4.011462989982107,-2.4646738183102492
1339,-4.109086599669369,-12.402442625043218
1340,-7.216184667731459,-8.711516965236347
1341,-9.44077638201103,-6.685026900246565
1342,-6.9164934928921795,-8.06231773579221
1343,8.900814419574264,-0.7953254049330679
1344,-6.524989396606244,-7.969170822401262
1345,-8.552039981031632,-7.853030602418324
1346,7.866127732967328,1.6365055971928402
1347,-4.0634655793928784,-8.74952921654721
1348,2.59472798546339,-2.202320812182971
1349,-7.608502274161421,-8.461542377453439
1350,-5.258841912997136,-7.42071448742653
1351,1.18758400237465,-3.244075162738887
1352,-7.264537964838848,-6.577742160209372
1353,-7.424763498053887,-6.789909614217235
1354,-1.9852797061843184,-8.585228239388808
1355,-6.064746300074956,-8.201796005727209
1356,-3.5419329746488653,-10.051960267305484
1357,4.046039941956915,-1.1778649307209847
1358,-3.71041171906643,-8.171473583652105
1359,-7.262106913946127,-8.21005229426541
1360,-5.536258023373367,-10.995446600073727
1361,-1.5962131986563541,-8.884328680125602
1362,9.800247968007497,-2.7969187383510357
1363,-8.185718647053841,-6.786802396669269
1364,-9.007109178726802,-7.032123879742968
1365,-2.0131954743350864,-9.49280626382941
1366,-1.6591531329137448,-12.595625586940544
1367,-8.940774649519938,-7.001536951139607
1368,-3.895687699363448,-10.892485363257382
1369,-8.541145125150079,-6.094518479188516
1370,-2.856607569508265,-8.41404140928679
1371,-8.076887466970815,-7.433985489604401
1372,-8.663446067239246,-4.32272697197547
1373,-9.080865461200574,-6.562863210875027
1374,-8.226375996587715,-7.506183827340371
1375,-8.073438595804003,-7.114591606813383
1376,2.3224090829814825,-1.6195018769069898
1377,5.0398641338663115,-1.4773093185499993
1378,6.8802437439435336,7.4330114311675715
1379,-7.401873769433792,-5.954374303948896
1380,-2.8223327757464776,-8.901801880540267
1381,-2.861258980640443,-10.578875043652918
1382,-6.210274211065597,-9.10843130947288
1383,-8.267385172626966,-4.335420048212645
1384,-10.863621845091545,-7.043382499566
1385,2.5211022105787895,1.3275519182829942
1386,-8.064305978067129,-6.2315310283498295
1387,4.77625625956154,0.9690396820025544
1388,-0.8755758123531887,-5.655414905500264
1389,-3.5095159788987726,-11.683985556544625
1390,-7.269785925903752,-7.720363817630775
1391,-3.617073560504404,-9.304577700727046
1392,6.922394110528294,-4.951022986714606
1393,2.535897679803787,0.7188606918095237
1394,-8.510968931468511,-7.801005973012334
1395,-5.0374798189945995,-11.707545585638341
1396,-7.520310620886286,-7.59461277397979
1397,-4.216811147876204,-9.030616534846793
1398,-4.342546726103406,-7.347318547675771
1399,9.071537851842429,-1.0322698762219564
1400,-5.435648542479626,-10.397305378389074
1401,-8.165535800632854,-7.773709680643085
1402,-7.6231584195671225,-7.941133025761833
1403,-7.9698683414884055,-8.698369142314998
1404,4.086107908505486,-4.6506192925375665
1405,-8.792075841251163,-7.944145742094408
1406,10.307795116607366,2.1617078845278104
1407,2.8423607126190475,-2.731122482757568
1408,-8.782027531094107,-7.728327157680409
1409,3.733782552472666,1.7982374990832914
1410,-2.961576678881083,-7.3387005006356
1411,-9.50849956892168,-5.55104143512826
1412,3.0095106715416624,0.2572280523109063
1413,-10.18539542836372,-8.105845030981527
1414,-9.007809016158058,-6.834241680994973
1415,-4.220483438700612,-9.805830411717816
1416,2.852053211646897,-4.515746208067297
1417,5.6366448104679305,-1.0998757329836666
1418,-3.4339258745092534,-11.796707937787133
1419,-2.245535923772284,-11.859701670683283
1420,3.528753062763437,-0.671090005664088
1421,-8.927044106249543,-7.123734928559995
1422,-8.501164773051517,-6.034127852595089
1423,-7.94131952794276,-9.115758309186834
1424,-2.1811722170117838,-9.715986966392013
1425,5.356401575955035,2.7100222534698117
1426,-3.9664993512383777,-1.978940270615139
1427,-1.9632693395936933,-10.507797674559805
1428,-7.931879521667257,-6.83264870241265
1429,-9.293716105569365,-7.644072284945815
1430,-2.484625336662928,-9.770674001462982
1431,-4.590466904525861,-11.046713768698831
1432,6.152752031293189,-1.2114500316038574
1433,-8.337827937215383,-5.844659705381055
1434,-6.90311587840533,-6.7468653227082775
1435,2.6396963407119287,-7.5867503315700295
1436,-7.975573941188132,-6.619429136524217
1437,-8.974133476060828,-7.518385302571416
1438,-4.003000797616436,-11.736215232058987
1439,4.179774729779995,-0.19400546633602844
1440,-6.181318254032084,-9.637922261522753
1441,-8.468831314025774,-8.2061905055144
1442,6.232737115868268,-4.254049730345281
1443,6.996280065655406,-2.443165664318055
1444,-4.3194133401008585,-10.637110856997765
1445,-8.261220739021233,-6.325766748689465
1446,-5.396816561728798,-10.229447218413759
1447,-6.668486938977929,-10.210036372323547
1448,-8.821166621093493,-7.767422725048976
1449,-8.74387348339255,-6.390353964318337
1450,-8.75158556262074,-8.36918969715164
1451,1.8031838359723906,-3.836351263351802
1452,6.990355415017512,-7.623048500132384
1453,7.875820688024102,3.2108264039307395
1454,-3.7046726121494045,-8.785024050096053
1455,-7.44556643620658,-6.3495285264520405
1456,4.512570160007433,0.8985522792273395
1457,0.46963963513086604,-0.6079219699561975
1458,-9.253574500769737,-7.32796343659522
1459,4.6937301821735655,1.203927093694543
1460,-4.577781779927238,-10.745648496106922
1461,-3.0664359438720568,-8.489627538595503
1462,-2.3688470520850204,-9.43187138194836
1463,4.793794607975338,2.5630600947751665
1464,8.818709438917269,-5.702854729709511
1465,-9.508418531739707,-6.135172978971151
1466,-7.491672328316183,-6.21083134306318
1467,-8.625841230875896,-5.9005735365340986
1468,-9.163366749819277,-6.464849944707795
1469,-3.371135482968149,-9.916840999870429
1470,4.057157424028169,2.214006802604108
1471,-6.8784697240402,-5.954544307039864
1472,-4.805411606154868,-10.952464439000051
1473,-3.2063546304177484,-8.065467676065028
1474,2.552379325798425,2.6947278758242863
1475,-3.81761584911437,-8.777317680846018
1476,-7.584494557073336,-8.918942445886572
1477,-2.1869466098817707,-9.907744395209061
1478,4.557369585924307,1.723694128902169
1479,5.118487966861951,-0.16775261001058794
1480,4.665883088416024,-2.9281307901208455
1481,-8.541472666056471,-6.737102298148178
1482,-9.292418418699672,-8.498777911740738
1483,2.411886567941522,0.6961208529555449
1484,-4.3644336781380595,-11.348255799153339
1485,-10.226076196391915,-7.451932850413519
1486,-9.091831661428785,-8.309021994620828
1487,8.114981960201622,-7.233505499288776
1488,-6.7609507643652345,-6.016651624296317
1489,-7.4520951774465,-7.17091105748616
1490,-7.577769259045866,-8.944082218870637
1491,9.880946228613123,1.0075581641577882
1492,-8.343018071932777,-6.090652552031363
1493,-8.075900857606252,-7.952069733246454
1494,-7.872417809291954,-6.710839679333362
1495,-10.724819576525169,-7.175527755156682
1496,-4.040819241617456,-9.088918754496627
1497,7.170840074821696,-1.3732846443747464
1498,10.496482331164545,-1.5509675176672135
1499,-3.717374193402919,-8.599309974286053
1500,-5.340308873148247,-8.606899737017553
1501,-7.9031854158753445,-7.202956840003827
1502,5.858140816867132,-7.8041612821708455
1503,4.675549090810932,-3.3509261096954277
1504,-2.622863036564091,-8.527776086459559
1505,5.377071929647458,-2.986247744488038
1506,7.219154397446401,-1.9862553064626476
1507,3.509204968559729,-5.2630268717088695
1508,-8.455613506889199,-5.591308251482053
1509,4.8949146197635365,0.22197120022605699
1510,-7.778694447546243,-6.526617364325975
1511,-9.392576141497424,-9.140546113128252
1512,-4.352001362655708,-10.11936944109396
1513,-4.8691196686624165,-8.852921827391084
1514,-5.8515936018431915,-8.17625511596556
1515,-7.965748193822641,-5.266719634544311
1516,9.50705430877974,-4.930574903312964
1517,-4.309853452831869,-10.268216602482795
1518,11.287642705914696,0.15965192696299124
1519,-5.730134090499526,-9.076960151868201
1520,3.6583787424109313,-0.7024426177772238
1521,-8.17433192402052,-5.810033430145776
1522,-3.745969246438814,-8.040956753086258
1523,-3.916718201893859,-11.689677869219457
1524,-9.470810142832118,-7.474313445572712
1525,4.35473727306401,-0.11632522424955294
1526,2.534774410837175,-4.399890134912839
1527,-8.816383935919887,-6.815211168784209
1528,3.681084272874543,-5.602163003528986
1529,-0.6456900887615502,-0.3057078578280068
1530,2.9751172494351654,-0.08530842905804814
1531,3.5144042205226507,-1.9130839881624089
1532,-9.906641573086526,-7.566264202312376
1533,2.970647647259608,-0.1552711362685293
1534,8.080012983259659,-3.0009456003065145
1535,5.76232798080683,-2.904100609813226
1536,-9.552153091277118,-5.423832984934945
1537,2.2167100319802433,-4.106201959562759
1538,6.881579342160119,-6.682147328805316
1539,-8.0396730999759,-8.442637280472965
1540,-4.056564763074969,-8.308819790063636
1541,-2.062408412328608,-8.152856734375904
1542,-4.663228047683276,-7.532342789270732
1543,-3.3047087538696704,-8.609366642135472
1544,-8.665295687044672,-7.241482308126367
1545,3.6054773308174175,-0.14439864907222688
1546,3.6343048793226718,-0.1099025078214062
1547,-4.419237635750252,-10.01034391415832
1548,-5.149436272929737,-9.90204614955277
1549,4.581412017075413,-0.7937097589181037
1550,-8.822277582758355,-5.991379343861886
1551,-4.143515447355218,-9.762817400787336
1552,9.32815081450897,-0.8220935450445281
1553,5.085089139372632,2.5043615226983764
1554,4.7285197503139305,0.286371026323482
1555,4.577852857089438,-6.817743329807088
1556,7.403194815823004,0.3160507087308668
1557,-8.411923540721736,-7.692951196316538
1558,-3.3140378627518032,-9.332363457003767
1559,3.935962037298856,2.4800797972643203
1560,6.430624445907078,-4.243508988276646
1561,2.230845091607063,-0.6957621624970247
1562,-3.7842837836297987,-7.607066820840151
1563,-3.77025075921741,-10.422643163924729
1564,-4.866074255659072,-9.378648440906002
1565,5.4918947905563025,-7.918731602318099
1566,7.773474833814438,-0.34506086407480696
1567,-1.4680173879538714,-0.03162402224957139
1568,-6.038691304397549,-7.139830703934222
1569,-3.2940423549869906,-10.220783116799796
1570,-3.379875080117203,-7.694709993100863
1571,-5.026593319933875,-10.759817406629738
1572,10.192890784905513,0.04715236555962843
1573,-5.4379461884808595,-9.068271075418327
1574,6.571623745181239,-4.126961472661275
1575,5.201092746200474,-0.7026444287871383
1576,4.6487428347122215,-1.3745715757410357
1577,-4.74008857193882,-8.990271436309644
1578,2.345994991507994,1.5776112589036693
1579,-9.018956602429135,-8.032380196301956
1580,5.106507247623527,-2.2312047989328754
1581,-8.735445368937532,-6.407462769926386
1582,5.5661073042424345,-2.6534094157464043
1583,-4.89703187219764,-9.396182684804094
1584,-7.735090313127292,-7.672233989648751
1585,-8.336682580619478,-7.9955508358365215
1586,-2.5632903933650732,-12.503728953674353
1587,-3.6570412699966965,-10.942488754015075
1588,4.71009912833812,-2.5973689469437344
1589,2.156581017016163,-2.7839739678564777
1590,-3.9411135341156065,-0.11433906503042257
1591,-6.916589337969764,-8.321160395792008
1592,-8.828310768458374,-6.59159061017656
1593,-2.4331086700853866,-8.808529098412603
1594,-8.708785220081454,-7.7242086346544445
1595,-7.561493919276519,-6.696959495007231
1596,0.4725167228146816,0.3326787366335997
1597,-4.71339814840839,-10.641759005501827
1598,1.7201652969934034,3.123833989518144
1599,-2.7485528633759952,-8.303539775998557
1600,-8.930037496555073,-5.671866430085678
1601,-4.157448822586223,-9.669119994853219
1602,3.9430162874115755,-6.051720626690295
1603,-10.05594490663501,-7.15584691951684
1604,-4.333306518465757,-10.659728796226315
1605,4.734444960559467,-0.21702156615301327
1606,2.7167800564907916,-1.2628165691891657
1607,7.255916314477149,1.1342071303558376
1608,2.3891457524833726,-3.0057740039633876
1609,-4.001810796823544,-8.78863212117535
1610,4.967301006159148,-2.1738834683811197
1611,-8.823431073727317,-8.623977346131529
1612,-4.324963923866863,-8.894375882351241
1613,2.893092280003808,-5.991901322237288
1614,-10.249094808404944,-6.4441646756016855
1615,-7.855370176617359,-7.594943138022409
1616,-5.933048912180811,-10.684834684425862
1617,-8.915315217478575,-7.3536372475734835
1618,-3.201060980198849,-11.718549378395602
1619,-8.423377072188524,-7.163701019793578
1620,-3.3305853016731897,-11.249792031937524
1621,-2.186472979288922,-11.567278116049525
1622,2.0146805123637725,-2.0674918842502876
1623,7.061913361655346,-0.8027979301857432
1624,8.634250036935185,0.25019032229537297
1625,9.538475384856568,-0.126746582472252
1626,-7.270630342078847,-6.776003777578785
1627,7.5176068141648855,-1.7675304511300935
1628,-7.960169137383457,-6.730847776371632
1629,7.799875670118047,-3.7915272179908683
1630,-4.360580272060731,-11.23906808109304
1631,-8.078751009701,-7.78330314055984
1632,-7.671972312382509,-6.772708530841622
1633,-3.0736614747122695,-8.4269937025153
1634,-2.488127772770394,-4.179526649785261
1635,-7.162596847493075,-8.533200843602572
1636,-3.775080688222493,-8.909592850858903
1637,-9.29980335999927,-7.757057088485002
1638,-5.671828978741894,-10.433376644606732
1639,-8.804589638139507,-4.358757261527121
1640,-8.602242293777715,-7.02729005794088
1641,-7.503033394851502,-6.279233271386571
1642,-8.704569772292896,-6.916058950727343
1643,-6.402506299775083,-6.589541666376316
1644,5.1835855742191725,-3.645235410767537
1645,-4.053420474847254,-11.662329127606048
1646,-7.815211192840371,-5.245109097447908
1647,-5.217220915570418,-9.908611685129037
1648,-8.322131246893534,-8.281707116768452
1649,-3.2649645342584477,-8.080548148238245
1650,-5.2034728857887504,-9.599880427052252
1651,7.719012847752802,-0.3047120542827948
1652,-9.036249834990905,-8.02309499943002
1653,10.575556438438042,-2.504768713145358
1654,3.4338772103875286,0.5170916482876802
1655,-8.538531019186932,-6.907765855232678
1656,-9.395108043531915,-7.0281698550821625
1657,9.682767919094664,-5.466136783469919
1658,-6.297257177539887,-6.768268067190253
1659,-6.764385604645815,-6.565440319518931
1660,-3.465236876463008,-9.998448109743055
1661,7.539816152964938,0.7732951124621477
1662,-3.1286291011428196,-12.098621605401293
1663,-8.522340020580536,-7.546658557723465
1664,-8.940064017347204,-7.344977669995138
1665,-7.964802527764476,-7.21371859174793
1666,-8.604879353242014,-6.425848618828207
1667,-9.01238850279209,-7.5858102288440215
1668,7.739659964524675,4.054416219074424
1669,-8.429369106034429,-8.150235629003271
1670,-8.603511229476522,-6.538716915287045
1671,-3.8621757988559384,-9.401906457623166
1672,-5.361440434961717,-11.010406289178466
1673,-5.63514397309534,-12.292398446816797
1674,-8.05042474772172,-6.922104510523629
1675,2.293438874272785,-4.512287659100828
1676,-8.22526772177463,-7.61244576130511
1677,-4.914292994843325,-9.63340479277057
1678,-0.04897948513320127,-2.7473961686802957
1679,-1.9286422795769624,-9.08086279959537
1680,-3.360969462790991,-9.40879884585119
1681,3.4735349339346087,-3.154200596841754
1682,2.2393141526007088,0.36362840851408684
1683,-7.565778553197451,-7.232700280228286
1684,-9.877661772100934,-8.873187399144824
1685,3.6654403961859554,-0.8312516441786942
1686,-3.641963299483499,-9.684719771025977
1687,-7.39965563912378,-7.668437351052198
1688,-3.6428575541884873,-8.037781052158257
1689,-0.006980908654712792,4.537790054707983
1690,-0.23319325106280964,-6.292747250108614
1691,-8.797454424239618,-6.375912398918897
1692,-8.660485307311715,-6.524576667387521
1693,3.1847337397832645,-4.406935453154557
1694,-7.915344426232678,-8.110391263834993
1695,-6.097671031898942,-9.9078611861867
1696,-8.181972210308478,-7.372275587609234
1697,3.7434031634781544,-2.20874586683444
1698,-4.831786808889429,-8.92660642865656
1699,-2.2033425432602134,-8.28658207065604
1700,-7.80009485014873,-6.395289487746035
1701,3.479125912917575,-3.4465635486793906
1702,1.7015863974151677,1.6374290922930181
1703,-7.543082067973578,-6.67865830075895
1704,-5.598372805909264,-8.60260624752186
1705,-4.905122925476787,-10.84205047468089
1706,2.968935123460944,-2.9163735989828887
1707,3.8490572985021756,-7.022773031202046
1708,-8.940993194643262,-6.181499750131983
1709,1.987935416696489,3.203176950916723
1710,5.109736962294438,-5.011490951854353
1711,-3.306382680878532,-11.305154509774873
1712,-2.2362291899520406,-9.983988618266602
1713,-8.55388046299539,-6.331587733229209
1714,-4.455097253663362,-9.06746516134143
1715,-3.115332996225934,-10.002844009258018
1716,-7.450255163674711,-7.265390349697391
1717,-4.394747189002269,-8.114005891758469
1718,-7.360850418814762,-7.209101810547602
1719,3.184769796807369,-3.2499193065486742
1720,-4.079816631849905,-11.093247006785694
1721,-4.468863356043595,-9.637408092068876
1722,3.787497132708522,-0.28021480531796805
1723,-7.819935036066886,-7.896030372406378
1724,6.991359172866773,-3.4478189097115055
1725,-8.88456131821172,-6.232549838179399
1726,-7.210411679589125,-6.878064053175154
1727,6.550858661300608,-6.927336826647075
1728,-6.299282998524844,-5.179916851679753
1729,6.297076880897895,-1.9755940434711459
1730,-2.6875064047574178,-10.28008734735884
1731,-9.31728466922019,-7.1467949980569845
1732,6.822670141539707,-2.244731928576223
1733,3.692864072472664,-1.936856861573278
1734,9.965518324051299,-0.5445490323129234
1735,4.460357543795641,-3.1714817533754722
1736,7.61638648569356,1.8242971740769027
1737,4.200178479607246,-0.6062092164156234
1738,-8.836386148206078,-7.270940577937187
1739,-6.5983995780346465,-6.971469505949651
1740,5.420524958566589,3.2233923534982
1741,-3.694316940530477,-9.284586644449735
1742,-7.690010881747454,-6.180734388542374
1743,-8.794165559901796,-6.825010684696262
1744,-8.488708687218997,-7.030407700565294
1745,-5.265897081948591,-11.044715432118815
1746,-7.747410987710933,-7.00958483015868
1747,-3.819690575125464,-8.227492329682512
1748,-2.058651861433335,-10.034674078126672
1749,-3.300399647058141,-9.984857591699823
1750,-2.7780385642112675,-10.868888570076047
1751,7.554144741100865,-2.0639392938356904
1752,-8.984763988552702,-6.2143401845481945
1753,-5.104786734837127,-10.911914132347238
1754,3.1843808133200087,-3.7645055024404104
1755,-3.8185119325775045,-9.99077843360675
1756,-3.250205203539797,-11.600547045691432
1757,-5.023640133625655,-8.862648853864176
1758,-8.280709715545974,-5.81642490067054
1759,-4.428900497574376,-7.551179936158829
1760,-4.491334534113149,-12.43718464605286
1761,3.987354677519944,0.9002866515226797
1762,-4.216054263960215,-10.929636837103333
1763,-6.363252175084335,-6.851064456409774
1764,-4.639724521178551,-10.97164451634051
1765,-6.112507502824868,-10.11976344016648
1766,-5.062760060821201,-10.841786573884287
1767,-7.864752216358646,-6.292426379092082
1768,-8.200465683124765,-6.870568996416727
1769,-4.630345264017664,-8.913261183791555
1770,0.21662859505686605,-1.6652343544625305
1771,0.351541712890139,0.2842145309902351
1772,-8.402079926334864,-6.529172419297841
1773,4.349488304201212,-4.300127099573259
1774,2.2214396125010447,-1.0345011415857643
1775,-7.386279637356417,-8.122491453724765
1776,-7.6874705488664326,-7.370918680395229
1777,4.649271171762997,-5.008969959602753
1778,-3.7449322201507056,-9.616799917239861
1779,-8.261237973317963,-5.613162410552047
1780,-3.635444599310963,-9.956997945583419
1781,-8.697474015397573,-7.835920696985955
1782,7.0612163122378115,0.6168570743452735
1783,-1.1005298963027852,-11.250044734756258
1784,6.600697420218358,-1.7119247614570534
1785,-3.787033972420966,-8.433421961903978
1786,-9.74812439170575,-6.761079678736107
1787,-2.8142268438831475,-8.925171577195853
1788,-1.044180604245787,-8.83984673940955
1789,-4.941481232395235,-9.73799138643398
1790,3.1674019397100652,0.9002837599183473
1791,-9.665568015697987,-6.965264136890295
1792,-8.849355950868627,-6.617706912894355
1793,-5.641825479960231,-10.565163174488564
1794,8.289036808620684,-5.932560931491524
1795,-3.3519608781660817,-11.558281043164277
1796,0.03151648766369952,-4.5433507030400495
1797,1.7938269198872785,-2.5187146521340407
1798,-5.501088425179935,-7.2037635490962355
1799,-8.103568734687936,-7.656954792099354
1800,-10.075315329316625,-6.242121144860637
1801,8.012654455442279,-1.2574153162846502
1802,-5.160065213710373,-10.92878629241934
1803,4.729274683348707,-4.167708346105673
1804,-4.779437599165516,-10.484997585087687
1805,-4.39970047636971,-9.125696544410523
1806,-3.6664949006066703,-10.41662493955298
1807,-4.103885180003091,-9.624963919394537
1808,-7.631383268176715,-6.4138676780160955
1809,5.514968017970332,1.821455804032789
1810,-8.449843639417928,-5.76963117007641
1811,-7.945932898197266,-6.593526216437363
1812,4.252924526020169,0.3041805518115819
1813,-4.083227870068481,-10.01571338265048
1814,3.0769740767412483,0.19605748641036014
1815,-10.3766240865532,-7.375445843230179
1816,-9.362328563265564,-7.903559591432274
1817,-8.915412932586433,-6.777448616047938
1818,1.4866871130954413,0.08143043186116827
1819,-5.239004403827245,-10.266002368599366
1820,-7.910653921275798,-8.095606195521567
1821,-5.212580933315264,-9.884704714237202
1822,-8.396116490510362,-7.254110881701471
1823,-4.093229456231299,-9.389010602205854
1824,6.338789832671967,-3.2766576460086307
1825,2.2066750571572227,-0.8300619914819686
1826,-9.149312831503837,-5.888311181017961
1827,3.8539608918819255,0.19439669581248475
1828,-2.9884011261386365,-10.13247140371791
1829,-3.651776988859672,-10.358829363092381
1830,-7.217253196659723,-6.707350421084699
1831,-5.132635311425779,-11.39746948261059
1832,7.0647596294641355,-2.8509369545169454
1833,-4.101423159361964,-9.975731785807415
1834,-5.455017455606015,-10.711324012916597
1835,3.8456248192449127,-0.5979486252999984
1836,-8.070864964526182,-7.515653025155255
1837,-9.477150713023606,-7.724721556263072
1838,-8.665710730138342,-7.797689620877174
1839,4.2874837685717155,1.8416655920513727
1840,-4.952604762704949,-10.311850538806679
1841,-8.166871696631375,-6.4905245379524645
1842,4.763515806265538,-1.0646607455682102
1843,-5.2529216742173706,-8.876438054874882
1844,-3.9857058145028406,-7.436250632957904
1845,-9.95206656503828,-7.37069647867952
1846,-10.606147967424583,-7.110264740354181
1847,-8.633262841034734,-6.283563340669157
1848,-9.262613927340741,-7.271705287295977
1849,-7.343060501862515,-5.970150427062544
1850,-2.739313412442936,-10.179135489909811
1851,9.960803552563691,-3.926548201254415
1852,-8.623501382189957,-6.94763900154574
1853,-5.207346374245061,-8.031045786790463
1854,-3.947422016614949,-10.799228583538191
1855,6.955250404127627,-0.592408121220469
1856,-1.5316023245547687,-9.823727711251774
1857,-4.250705554692244,-9.170201123351674
1858,-7.951040933893909,-5.382404067505272
1859,-7.290126494860264,-7.364402517502119
1860,-9.524979460941584,-8.505147299805436
1861,-2.6539728614778677,-9.714524526414465
1862,-3.067684124932041,-11.414987980938458
1863,-0.5605887944916246,-10.38980596531121
1864,5.0554887417045835,-5.630796139634182
1865,7.0255073807897555,1.352719407855953
1866,-1.7739322596498006,2.7267639051864023
1867,-7.574523431426716,-7.553966559601395
1868,-8.836498823037779,-7.923705334399942
1869,-7.330931034305149,-7.733777683283392
1870,4.081313667322542,-1.867545996019968
1871,-6.416671480168839,-7.221530667737057
1872,5.467191516851049,1.3575001349851297
1873,-9.752867198817553,-6.908709594369434
1874,-8.01619684099161,-5.840439543460944
1875,-3.2280120507478953,-9.43048412318095
1876,7.558333815444978,-3.523315217239254
1877,-4.647339407786947,-10.835084383805178
1878,-9.672021760868217,-6.840622922477268
1879,5.5140612774837825,-4.269584575521076
1880,-3.7897873409188776,-12.57896428989785
1881,2.6060734711363227,-1.7130125531103364
1882,-8.069838435971366,-6.67621809671542
1883,-6.128562201186592,-5.5031621124143815
1884,-8.95157485288891,-6.373161324288242
1885,-5.929407289239505,-8.662192680016865
1886,-5.207515317114577,-10.030394276325696
1887,-3.381807968514824,-7.899678144267442
1888,1.6039443393993142,-4.232050380167836
1889,-4.1834807594324825,-9.137691331341609
1890,-8.222153124120826,-7.156557383291793
1891,-2.551342747742712,-10.550891351343473
1892,-4.843460825166252,-9.892069188303246
1893,-5.0593394127797575,-9.324610833557085
1894,8.105187445971872,-0.5578644642969253
1895,-5.478749815070487,-9.863876649405325
1896,4.204259794002598,-4.99986821486749
1897,-5.589990176907727,-10.161678223301235
1898,-2.938836832414548,-11.580388696572966
1899,2.646918052378384,1.683589024390856
1900,-8.327642715963563,-6.94427509229485
1901,-2.153438351160701,-8.93835362432527
1902,6.682401057907507,-4.953809342211613
1903,-3.232875152024975,-9.89759266993727
1904,6.163475869360309,4.493960422623814
1905,-8.423263890069885,-6.364753271269504
1906,-5.3423687526326775,-9.697961534914423
1907,-4.9031890659387045,-9.780309596278517
1908,4.432136705151236,-1.98953437643934
1909,-7.294953928479482,-8.934742723415997
1910,-3.9520828234330123,-12.429160202653733
1911,-4.448941753074359,-10.148017590334721
1912,4.546191764115598,0.7460231896655145
1913,-8.957920430632473,-7.976845974523863
1914,-4.510501470176816,-8.602763639304705
1915,-8.639699456692263,-7.227379384681104
1916,-6.016822619186128,-4.918480002641572
1917,-8.470694275215427,-7.6157578332613305
1918,6.850364913796026,-9.204333779165854
1919,-2.498126221797687,0.9366629820255161
1920,-5.028705070858986,-9.30361985957374
1921,-4.746438718635292,-12.44079542566149
1922,5.351968044970037,-5.778911866688786
1923,2.794820797217146,-3.76359318472005
1924,-8.905943073668992,-6.650648317789626
1925,3.0489149489910847,3.751207038510973
1926,-9.45429418338153,-8.46490507055451
1927,5.554635390016253,-2.414582528842793
1928,-3.2030867230024342,-8.734061652425893
1929,4.610585972848399,-0.7375667048073451
1930,-7.839266361668674,-6.8224714312315395
1931,-8.249386334940267,-5.708862412722501
1932,-7.642913126464062,-9.804023922621527
1933,-7.516944174606122,-5.687215567426245
1934,-7.814202975013475,-8.900781224948599
1935,-7.2192061621373025,-6.386718951786752
1936,-8.849566621759363,-6.569744605440876
1937,-8.722392660369586,-7.540532260914976
1938,-9.202597236794169,-6.189886126295785
1939,-2.837160150493165,-12.63658209281566
1940,-3.969063040977413,-8.69697012981345
1941,-9.322167698057294,-8.316092763129872
1942,-7.892186768192706,-6.635560999090305
1943,-8.325453093461189,-7.2096752981343375
1944,3.298722163356257,-3.2266293013556053
1945,-7.771505571456367,-6.458280539935275
1946,10.707255278279689,-1.0868134519461214
1947,-4.4788384005817905,-11.029504932294108
1948,-3.0227723387167806,-11.453282469065064
1949,-7.284887723463848,-8.253306788689896
1950,-7.39841137034295,-8.069646791598045
1951,-5.4834851849674004,-8.37863928973785
1952,4.224532393518732,3.62118777339876
1953,-2.8116903723872695,-11.747715630889859
1954,-8.23752237172967,-7.098611704658389
1955,5.285283245884875,-0.6410964892415572
1956,-2.5082339444672526,-3.436943761408328
1957,-9.075454699254076,-7.184691220864673
1958,-5.71353632714737,-9.0857939806176
1959,-9.046838245963443,-8.50407654270181
1960,5.387695091551263,-8.583675446833418
1961,-8.153220592402798,-6.768512511877812
1962,-5.618322068757126,-7.880570433078031
1963,-5.504080493005692,-12.230349388314306
1964,-6.966830341976478,-6.759853399799619
1965,11.693120777412098,0.3582993384159172
1966,3.544566278415105,2.3348114318142557
1967,-10.149973643542092,-7.146584452067071
1968,-8.496728130224385,-8.27925554713418
1969,6.32944746799368,-2.6102634955335584
1970,8.447806262854655,-2.646714553971762
1971,-9.044174642742776,-6.951991030297262
1972,-3.594746524481081,-11.058238085941113
1973,-8.997141370371342,-8.02522858394038
1974,-6.360905115271195,-7.530068530785298
1975,-5.504633430512613,-10.337375945158847
1976,8.950741016289914,0.025354383621696508
1977,-0.27686980313289933,-0.07570824295090173
1978,-7.673491185448164,-7.728634188741887
1979,7.872353527107837,-2.3733857132050673
1980,-6.575936702758686,-7.640451066980726
1981,-4.88658568963903,-11.26975361693959
1982,-1.9199965236056795,-11.101441268282471
1983,7.365546409479355,0.3254833234494279
1984,-9.42788992514407,-6.685666084296807
1985,1.4673292945082226,-0.5695161502257244
1986,-9.483997320124033,-7.528066319032827
1987,-9.025551272238925,-5.354352431721137
1988,-4.050076940554696,-10.23591288693394
1989,-3.6396661047149412,-8.850660526815725
1990,-7.227935501127618,-8.402283773789446
1991,-7.8736661446768315,-7.721129186624776
1992,5.349785670100574,0.1495478244315771
1993,2.081005011335683,-1.7334107735758546
1994,-8.306875429565471,-6.248893029845573
1995,7.507550472661665,-0.2596301042619973
1996,10.2190763096914,-10.03881490638814
1997,-1.346549191856694,-10.155759178742251
1998,1.8394756916596657,-2.3816614112044787
1999,4.353334915112734,-4.982697412802176
